{"WidthLimit": 100, "bias": [[-0.00219959719106555, 0.012479099445044994, -0.005494617857038975, -0.028798455372452736, -0.04801497608423233, -0.002999837975949049, -0.010825442150235176, -0.2874802350997925, -0.005030060186982155, 0.013070547953248024, 0.009111444465816021, -0.017485499382019043, 0.0006846841424703598, 0.01970553584396839, -0.013907749205827713, -0.017535565420985222, 0.041202060878276825, -0.020601961761713028, -0.37961292266845703, 0.044505879282951355], [0.02927006594836712, -0.035009752959012985, -0.13390593230724335, 0.2474028617143631, 0.0431869737803936, 0.05166104435920715, 0.08330030739307404, -0.6998630166053772, 0.031414683908224106, 0.056685030460357666, -0.06322174519300461, -0.19904592633247375, 0.0361541323363781, 0.09770319610834122, -0.027207842096686363, 0.042571790516376495], [-0.6144694089889526, 0.22009854018688202, -0.034114062786102295, -0.024271883070468903, -0.08098484575748444, 0.006598197855055332, 0.0026683523319661617]], "weights": [[[-0.37797820568084717, -0.3771257996559143, 0.502165675163269, -0.3784928321838379, -0.42264223098754883, 0.3671136796474457, 0.2790045142173767, -0.058868084102869034, -0.24658304452896118, -0.5147821307182312, -0.2977079153060913, -0.4509379267692566, -0.40883228182792664, -0.49704018235206604, -0.47197550535202026, -0.07665944844484329, 0.3540858030319214, -0.1525678187608719, -0.19926734268665314, -0.368488073348999], [0.09734861552715302, 0.46465104818344116, -0.20668448507785797, 0.5068601369857788, 0.057344306260347366, -0.6791605949401855, -0.5857864618301392, 1.634461522102356, 0.3306911885738373, -0.06882545351982117, 0.29017218947410583, 0.8961791396141052, 0.7638230919837952, 0.3308342695236206, 0.0683361291885376, 0.34468889236450195, -0.3509367108345032, 0.5047420859336853, -1.2965469360351562, -0.05023673549294472], [-0.047154538333415985, -0.6119399070739746, -0.08580578863620758, 0.1692522168159485, -0.19190171360969543, -0.137258842587471, 0.2079666554927826, -1.1933543682098389, -0.3101117014884949, 0.1500806361436844, -0.14571423828601837, 0.2225441336631775, 0.029983121901750565, 0.05581480264663696, 0.02813706360757351, 0.3076033294200897, 0.01376531645655632, -0.08943052589893341, -2.137840747833252, 0.5256773829460144], [0.37961143255233765, -0.26525288820266724, 0.17480701208114624, 0.2299831509590149, 0.411030113697052, -0.23543190956115723, 0.19747796654701233, 1.9126741886138916, 0.11247298121452332, -0.021247802302241325, -0.1245705783367157, -0.5837082266807556, -0.01817706786096096, -0.306752473115921, 0.43312206864356995, 0.2748294472694397, -1.1622610092163086, 0.28373950719833374, 0.5269582271575928, -0.5613188147544861], [1.2882647514343262, 1.3346751928329468, -1.359568476676941, 1.2207432985305786, 1.0501015186309814, -0.9025887250900269, -0.8003597855567932, 0.19508126378059387, 1.0063658952713013, 1.4437830448150635, 1.0932120084762573, 1.2149462699890137, 1.179756999015808, 1.575363039970398, 1.3063101768493652, 0.6820117831230164, -1.1803157329559326, 0.43241167068481445, 0.5252186059951782, 1.057451605796814], [-1.2576543092727661, -1.064078450202942, 1.2231900691986084, -0.5936973094940186, -1.4586341381072998, 1.647445559501648, 1.4911648035049438, 1.0644053220748901, -1.2649242877960205, -1.2931369543075562, -0.7301737666130066, -0.6241344213485718, -0.8698583841323853, -1.1886682510375977, -1.1163036823272705, -1.6446655988693237, 0.2179488092660904, -1.5851311683654785, -1.6439933776855469, -0.487535297870636], [-0.227076917886734, 0.39071372151374817, 0.09965793788433075, -0.04864070191979408, 0.11522314697504044, 0.18031784892082214, -0.22420544922351837, 0.9028410911560059, 0.33525049686431885, 0.018968965858221054, 0.12921807169914246, -0.028788171708583832, -0.10083714872598648, 0.021282389760017395, 0.07227242738008499, -0.28626933693885803, 0.013077110052108765, 0.21017834544181824, 1.6600079536437988, -0.31639567017555237], [-0.23403514921665192, 0.10667509585618973, -0.06779863685369492, -0.15124675631523132, -0.3359866142272949, 0.10955534130334854, 0.03195575624704361, -1.4873384237289429, -0.13331261277198792, -0.01799919456243515, 0.38677889108657837, 0.40053290128707886, 0.07170547544956207, 0.2765052020549774, -0.2969595789909363, -0.18581674993038177, 0.9703969955444336, -0.13278338313102722, -0.41317084431648254, 0.36116430163383484], [-0.028468111529946327, -0.05703495815396309, -0.08112086355686188, -0.0907534584403038, -0.011584611609578133, 0.024177612736821175, 0.0033226313535124063, 0.03285903111100197, -0.02472316101193428, -0.05343802645802498, -0.005213403142988682, 0.030613834038376808, 0.06393246352672577, 0.033400312066078186, 0.008220961317420006, -0.04845253378152847, -0.032844752073287964, 0.11261970549821854, -0.0249054916203022, -0.07792854309082031], [0.0953417420387268, 0.07693887501955032, 0.07552054524421692, 0.06736130267381668, -0.04169965907931328, -0.041735123842954636, 0.0014457106590270996, 0.007119116839021444, -0.1873192936182022, -0.020182963460683823, 0.07103133946657181, -0.07299446314573288, 0.07142406702041626, -0.07875019311904907, 0.10074926167726517, 0.10618048906326294, 0.0734068974852562, 0.0005210287636145949, -0.01789199933409691, 0.08716540783643723]], [[0.4611416459083557, 0.2504945695400238, 0.8792639970779419, -0.372871071100235, -0.31230369210243225, -0.12561440467834473, -0.630553126335144, -0.10586819052696228, 0.3107107877731323, -0.5007652044296265, -0.04950683191418648, 0.8347933292388916, -0.3866908550262451, 0.5918326377868652, 0.4973304867744446, 0.2654880881309509], [0.8004676103591919, 0.7970560193061829, -1.0837137699127197, -0.33212172985076904, -0.47942185401916504, -1.5775253772735596, 0.005953400861471891, -0.8945574760437012, 0.87677001953125, -0.9170928597450256, -0.749164879322052, -0.8816245794296265, -0.9470081329345703, -0.00751919811591506, 0.11821336299180984, 0.31686297059059143], [-0.6535434126853943, -0.18760697543621063, -0.976545512676239, -0.07280708104372025, 0.6100583672523499, 0.2765272557735443, 0.47429051995277405, -0.17631851136684418, -0.5062017440795898, 0.9216442108154297, 0.7412450313568115, -0.9819915294647217, 0.6591485738754272, -0.41249409317970276, -0.6645504832267761, -0.36688995361328125], [0.48335644602775574, -0.09398408979177475, -0.4399217665195465, 0.17918016016483307, -0.6442021131515503, -0.29961588978767395, -0.26025891304016113, 1.0164591073989868, 0.06103306636214256, -0.3799581527709961, 0.263881653547287, -0.8431742191314697, -0.2687821090221405, 0.6080008745193481, 0.1685958355665207, 0.846232533454895], [0.4004436731338501, 0.1894475668668747, 0.15399722754955292, -0.6817991733551025, -0.4706009328365326, -0.241336852312088, -0.5371310114860535, 0.2953179180622101, -0.052874401211738586, -0.3634446859359741, 0.35378679633140564, 1.721361756324768, -0.03926115483045578, 0.4310753047466278, 0.016983242705464363, -0.058113791048526764], [-1.528967261314392, 0.02633725479245186, -0.10716307908296585, -0.38296547532081604, 1.2744194269180298, 0.2829124927520752, -0.15917383134365082, 0.23919591307640076, -1.1063634157180786, 0.9148815274238586, 0.3226134479045868, 0.6875132322311401, 1.2753984928131104, -0.7033288478851318, -0.9082518815994263, 0.8779360055923462], [-0.2412324845790863, -0.2698972821235657, 0.5980497598648071, -0.1344870924949646, 0.291625052690506, 0.5861168503761292, -0.08660290390253067, -0.07364390790462494, -0.6364004611968994, 0.9848967790603638, 0.29424574971199036, 0.612173318862915, 0.3129611015319824, -0.5489035248756409, -0.13620565831661224, 0.5504945516586304], [-0.2996189296245575, -0.4913776218891144, -1.031159520149231, 0.18335647881031036, -0.07858986407518387, -0.4499343931674957, -0.19421498477458954, 0.9468513131141663, -0.03830543905496597, -0.002992429072037339, -0.4038863480091095, 0.34515711665153503, 0.06619779765605927, 0.3699284791946411, -0.3627588152885437, 0.058946624398231506], [0.562097430229187, -0.0015542920446023345, 0.6252167820930481, -0.7675979137420654, 