{"WidthLimit": 100, "bias": [[-0.020726695656776428, 0.015888944268226624, 0.004026993177831173, 0.003937316592782736, 0.006258215755224228, 0.01134252455085516, -0.007423612289130688, -0.024413591250777245, 0.005414929706603289, -0.018806617707014084, -0.001454097218811512, 0.0005368523998185992, -0.0067930505611002445, 0.0139686344191432, -0.01642678491771221, 0.0038131927140057087, -0.015035916119813919, -0.0024156945291906595, 0.007154054008424282, -0.014589240774512291], [0.20695465803146362, -0.019642101600766182, -0.2176414579153061, 0.05177580565214157, -0.022882910445332527, 0.018298059701919556, 0.0008365045068785548, 0.10160541534423828, 0.01122963521629572, 0.009518914856016636, 0.03306088596582413, 0.0278230719268322, 0.20262381434440613, -0.03542917221784592, -0.003474918659776449, 0.2605532109737396, 0.011586847715079784, 0.06076952815055847, 0.011236602440476418, 0.0037995465099811554], [0.12307135760784149, 0.016120735555887222, 0.1068914458155632, -0.779279887676239, 0.1688162088394165, -0.16450820863246918, 0.01685977540910244, 0.011458664201200008, 0.01422970276325941, -0.06899862736463547, -0.014065983705222607, -0.003281243145465851, -0.00010371021926403046, 0.18917977809906006, 0.2572353184223175, -0.021298488602042198], [-0.27195292711257935, 0.11488419771194458, 0.0010442516067996621, -0.05024503171443939, 0.055496200919151306, 0.0015639514895156026, 0.03039592131972313]], "weights": [[[0.4474215805530548, 0.0, 0.39910125732421875, -0.3471880853176117, 0.0, 0.0, 0.46384933590888977, 0.0, 0.0, 0.0, 0.0, -0.5479090809822083, -0.5756723284721375, 0.0, -0.37923499941825867, 0.0, 0.0, -0.7335174679756165, -0.44317689538002014, 0.0], [0.0, 0.0, 0.0, 0.0, -0.4322636127471924, -0.5261248350143433, 0.0, 0.0, 0.0, 0.0, 0.0, 0.0, 0.0, 0.0, 0.0, -0.4418821632862091, 0.46519598364830017, 0.824619472026825, 0.6675294637680054, 0.0], [0.0, 0.0, 0.6000186204910278, 0.0, 0.0, 0.0, 0.0, 0.0, 0.0, 0.0, 0.0, 0.0, 0.2141711562871933, 0.0, 0.75982266664505, 0.0, 0.5344997048377991, 0.0, 0.0, 0.0], [0.760177493095398, 0.0, 0.0, 0.0, 0.0, 0.0, 0.0, 0.0, -0.3505153954029083, 0.0, 0.5483013987541199, 0.0, 0.0, 0.0, 0.0, 0.0, 0.0, 0.0, 0.0, 0.0], [-1.4332668781280518, -1.0441203117370605, -0.7352409958839417, 0.8545583486557007, -0.955794095993042, 0.0, -1.3422682285308838, -0.3973083198070526, 0.0, -1.3813087940216064, 0.9311728477478027, 1.3585389852523804, 1.032677173614502, 0.57988041639328, 1.0558271408081055, 0.0, 0.0, 1.0842653512954712, 1.0359604358673096, 1.2956643104553223], [0.7445198893547058, 1.110615849494934, 1.125731110572815, 0.0, 1.0919764041900635, 1.2909868955612183, 0.4733656346797943, 1.1075515747070312, 0.6240243911743164, 0.0, -0.7807286381721497, -0.5732564330101013, -0.6981695294380188, -0.9509896636009216, 0.0, 1.3491555452346802, 0.0, -0.5053209662437439, -1.3819929361343384, -0.5742694139480591], [0.0, 0.0, -0.36357176303863525, 0.0, 0.0, 0.0, 0.0, 0.0, 0.0, 0.0, 0.0, 0.0, 0.0, 0.0, -0.7276390194892883, 0.0, -0.35802021622657776, 0.0, 0.0, 0.0], [-0.5196822881698608, 0.0, 0.0, 0.0, 0.0, 0.0, 0.0, 0.0, 0.0, 0.0, -0.5221709609031677, 0.0, 0.0, 0.0, 0.0, 0.0, 0.0, 0.0, 0.0, 0.0], [0.0, 0.0, 0.0, 0.0, 0.0, 0.0, 0.0, 0.0, 0.0, 0.0, 0.0, 0.0, 0.0, 0.0, 0.0, -0.16038140654563904, 0.0, 0.0, 0.0, 0.0], [0.0, 0.0, 0.0, 0.0, 0.0, 0.0, 0.0, 0.0, 0.0, 0.0, 0.0, 0.0, 0.0, 0.0, 0.0, 0.0, 0.0, 0.0, 0.0, 0.0]], [[0.0, 0.0, 0.0, 0.0, 0.0, 0.0, 0.0, 0.0, 0.0, 0.0, 0.0, 0.0, -1.8306852579116821, 0.0, 1.028131127357483, 2.342348098754883, 0.0, 0.8800258040428162, 0.0, 0.0], [0.0, 0.0, 0.0, 0.8180724382400513, 0.0, 0.0, 0.0, 0.0, 0.0, 0.0, 0.0, 0.0, 0.0, 0.0, 0.3587597906589508, 0.6647147536277771, 0.0, 0.6114200353622437, 0.0, -0.49613621830940247], [-1.098343014717102, 0.0, -0.558360755443573, 0.0, 0.0, 0.0, 0.0, 0.0, 0.6439138054847717, 0.8715888261795044, -0.5190446972846985, 0.0, 0.0, 0.0, 0.0, 0.0, 0.0, -1.835813045501709, 0.0, 0.0], [0.0, 0.0, 0.0, 0.0, 0.0, 0.0, 0.0, 0.0, 0.0, 0.0, 0.0, 0.0, 0.0, 0.0, 0.0, 0.8265541791915894, 0.0, 0.7828564643859863, 0.0, 0.09660022705793381], [-1.3845690488815308, 0.0, -2.0062544345855713, 0.0, 0.0, 0.0, 0.0, 0.0, 0.0, 0.8956470489501953, 0.0, 0.0, 0.4387718439102173, 0.0, 0.0, 0.0, -1.118172526359558, -0.5758551955223083, 0.0, 0.0], [1.398625373840332, 0.0, 1.1714106798171997, 0.0, -0.8052976727485657, 0.5565899014472961, 0.0, 0.0, 0.0, 0.0, 0.0, 0.0, 0.0, 0.0, 0.0, 0.0, 0.0, 0.4635211229324341, 0.0, 0.0], [0.5736597180366516, 0.0, 0.0, 0.0, 0.0, 0.0, 0.7430221438407898, 0.0, 0.0, 0.0, 0.0, 0.0, 0.3787699043750763, 0.0, 1.0260523557662964, -0.5417881011962891, -0.3554912507534027, -0.5979477763175964, 0.0, 0.0], [1.2387717962265015, 0.0, 0.9736485481262207, 0.777958333492279, 0.0, 0.0, 0.0, 0.0, 0.0, 0.0, 0.0, 0.0, -1.3618477582931519, 0.0, 0.0, 0.0, 0.0, 0.0, 0.0, 0.0], [1.2023816108703613, 0.0, 0.6527209877967834, 0.0, 0.0, 0.6042697429656982, 0.0, 0.0, 0.40240928530693054, 0.0, 0.0, 0.0, 0.2910282611846924, 0.0, 0.0, -0.45914575457572937, 0.0, -0.5105663537979126, 0.0, 0.0], [-1.7816526889801025, 0.0, 0.0, 0.0, 0.0, 0.0, 0.0, 0.0, -0.6085607409477234, 0.0, -0.9393105506896973, 0.0, 0.5279108881950378, 0.0, 0.0, -0.9251387119293213, 0.0, 0.0, 0.0, 0.0], [-2.3449530601501465, 0.3671213686466217, -1.0494602918624878, 0.0, 0.9329748749732971, -1.009392261505127, -0.2868182361125946, -0.6807037591934204, -0.8778926730155945, -0.09480911493301392, 0.0, 0.0, -2.2750349044799805, 0.6825326085090637, 0.0, 3.073157787322998, 0.0, 2.0502851009368896, 0.19970591366291046, 0.22787904739379883], [0.0, 0.0, 0.0, 0.0, 0.0, 0.0, 0.0, -0.6388118863105774, 0.6908820271492004, 0.0, 0.0, 0.0, 0.8988451957702637, 0.2655332684516907, 0.0, 0.0, 0.9474254846572876, 0.5443565249443054, 0.0, 0.0], [-1.0394608974456787, 0.0, -0.49670836329460144, -0.8114302754402161, 0.41062918305397034, 0.0, -0.5428289771080017, -0.4782724380493164, 0.0, 0.0, 0.0, 0.0, 0.0, 0.46396464109420776, 0.0, -0.6527512669563293, 0.0, -0.9710359573364258, 0.0, 0.0], [0.0, 0.0, -0.7007421255111694, 0.0, 0.0, 0.0, 0.0, 0.0, 0.0, 0.0, 0.0, 0.0, 0.0, 0.0, 0.0, -1.165675401687622, 0.0, -2.157616138458252, 0.0, 0.0], [-1.5586153268814087, -1.4280774593353271, 0.0, 0.0, 0.0, 0.0, 0.0, -0.9002394080162048, 1.238686203956604, 0.0, 0.0, 0.0, -0.9814395904541016, 0.0, 0.0, 0.0, 0.0, -1.4447965621948242, 0.7320846915245056, 0.0], [0.23709797859191895, 0.0, 0.0, 0.0, 0.0, 0.0, 0.0, 0.0, 0.0, 0.0, 0.0, 0.0, 0.0, 0.0, 0.0, 0.0, 0.0, 0.0, 0.0, -0.7068960666656494], [0.0, 0.0, 0.0, 0.0, 0.0, 0.0, 0.0, 0.0, 0.691731870174408, 0.0, 0.0, 0.0, -2.4117157459259033, 0.0, 0.0, 0.9901984333992004, 0.0, 0.0, 0.0, 0.0], [0.0, 0.0, 0.0, 0.0, 0.0, -0.7660238742828369, 0.0, 0.0, 0.0, 0.0, 0.0, 0.0, -1.4808783531188965, 0.0, 0.0, 1.2857881784439087, 0.0, 0.0, 0.0, 0.0], [1.848402738571167, 0.7771016359329224, 0.0, -1.3185958862304688, 1.3456741571426392, 0.0, -1.7452298402786255, -0.8705394268035889, 0.0, -1.6311224699020386, 1.2595884799957275, 1.353747844696045, 0.0, 0.0, -1.5700984001159668, 0.0, 1.7092527151107788, -1.9793269634246826, 1.7019615173339844, 1.1623896360397339], [-0.8465458154678345, 0.0, -0.262810617685318, 0.0, 0.0, 0.0, -0.46842053532600403, 0.0, 0.0, 0.0, 0.0, 0.0, 0.7080504894256592, 0.0, 0.0, -1.030388593673706, 0.0, -0.6573237776756287, 0.0, 0.0]], [[0.0, 0.0, 0.0, -0.5933650732040405, 0.0, 0.9427814483642578, 0.0, 0.0, 0.0, 0.0, 0.0, 0.0, 0.0, 1.1178308725357056, 0.0, 0.0], [0.0, 0.0, -0.5964102745056152, 0.0, -1.7470041513442993, -0.37294337153434753, 0.0, 0.674357533454895, 0.0, 0.0, 0.7726943492889404, 0.0, 0.0, 1.3271232843399048, 0.0, 0.0], [-0.18916501104831696, 0.0, 0.0, 0.0, -1.9198050498962402, 0.0, 0.18819090723991394, 0.0, 0.0, -0.22814065217971802, 0.0, 0.6877076625823975, 0.0, 0.8342807292938232, 0.0, 0.0], [0.0, 0.0, 0.0, 0.0, -1.0007089376449585, 0.9768412709236145, 0.0, 1.25375497341156, 0.0, -0.43024352192878723, -0.6920066475868225, 0.0, 0.0, 0.8674622774124146, 0.0, 0.0], [0.0, 1.6412265300750732, 0.0, 0.0, 0.0, 0.0, 